iter,dual_obj,r,f_evals,∇f_evals
0,-0.9999999999999996,0.018404584699502978,1,1
1,-1.0021095417047405,0.03376936121486801,4,4
2,-1.0021095417047405,0.029651170737873968,45,45
