iter,dual_obj,r
0,-0.9999999999999996,0.01840458471711704
1,-1.002109541734127,0.03376936061909595
2,-1.002109541734127,0.029651170690226922
